https://cdn.discordapp.com/attachments/296374768632987648/712912537653346362/image0.gif,
https://media1.giphy.com/media/UAXou95E6oPjW/giphy.gif?cid=ecf05e472bd6e131ac24f95b98e28260b2c95f3603bea642&rid=giphy.gif,
https://media1.giphy.com/media/fsFNwswGQ3Zle/giphy.gif?cid=ecf05e47227325e833fda78fb8e457579d7d93c87f6eb83a&rid=giphy.gif,
https://media1.giphy.com/media/9OhfA3PfUqkvu/giphy.gif?cid=ecf05e47edf4bc479e9d3f4cf5e9cb1c02b60ec11bdd5027&rid=giphy.gif,
https://media2.giphy.com/media/S93nY2CO3GjwYHUR5y/giphy.gif?cid=ecf05e47c90f9511efcfe80b9136bfe11f7124909715fa7d&rid=giphy.gif,
https://media3.giphy.com/media/las8Xa5jkc88M/giphy.gif?cid=ecf05e47e561d7768809b2b1bc155e53b35664f895dd9c5a&rid=giphy.gif,
https://media3.giphy.com/media/YTJt2wBDtXeJT8b81q/giphy.gif?cid=ecf05e47b543d9d3f40120e77cd805d076eb9731efecaa18&rid=giphy.gif,
https://media.giphy.com/media/WOaCkZuJTwkkqxT0Hj/giphy.gif,
https://media.giphy.com/media/VGE3JYi4tJTIUN23xa/giphy.gif,
https://media.giphy.com/media/l3vR48nxFIHf8ZqWk/giphy.gif,
https://media.giphy.com/media/1rQu2pWKUFqDFnoJXb/giphy.gif,
https://media.giphy.com/media/CmlsfWVNEGNJ6/giphy.gif,
https://media.giphy.com/media/1eEJQdMdYBPdIKdkJx/giphy.gif,
https://media.giphy.com/media/4dY1qUBHODHva/giphy.gif,
https://media.giphy.com/media/fmzjzxBAQv5i8/giphy.gif,
https://media3.giphy.com/media/dZnhuCg9tg5Ms/giphy.gif?cid=ecf05e47c03a5b01ce91c1b8e3814334e70a58c705c37c97&rid=giphy.gif,
https://media.giphy.com/media/XDSLVruCHcEkYriGiz/giphy.gif,
https://media.giphy.com/media/5YecS9b9GJfcMatD9p/giphy.gif,
https://media.giphy.com/media/UuZGbaZPOnrTeevIkq/giphy.gif,
https://media.giphy.com/media/l0K4n1BuvLeQjqbNm/giphy.gif,
https://media.giphy.com/media/l4Ki5FgQxmVUfkOvC/giphy.gif,
https://media.giphy.com/media/yoJC2JdQQSQA3PWovu/giphy.gif,
https://media.giphy.com/media/WBTUlyKBVlTTa/giphy.gif,
https://media.giphy.com/media/UnZkN6f9qG8Rq/giphy.gif,
https://media.giphy.com/media/edYZMDLpPoCgOkhEHF/giphy.gif,
https://media.giphy.com/media/WQXTPsMJztP2g/giphy.gif,
https://media.giphy.com/media/3oEdv5S8Th6b9gsNqM/giphy.gif,
https://media.giphy.com/media/5y2zBKjMF1TEI/giphy.gif,
https://media.giphy.com/media/1zkrF3l0RfgapqdySj/giphy.gif,
https://media.giphy.com/media/65IQxvhIdnHJQZv9M5/giphy.gif,
https://media.giphy.com/media/uQvxobRExS9nG/giphy.gif,
https://media.giphy.com/media/3ohjUObkKl8CyTFYf6/giphy.gif,
https://media.giphy.com/media/pjhdUQMV4ZRumCd1nH/giphy.gif,
https://media.giphy.com/media/hBSgGOTLG5yJW/giphy.gif,
https://media.giphy.com/media/xT8qB6kzPwDT93Qht6/giphy.gif,
https://media.giphy.com/media/yYc5L3vhTWeBi/giphy.gif,
https://art.pixilart.com/40aed7da314fb61.gif,
https://data.whicdn.com/images/325890472/original.gif,
https://thumbs.gfycat.com/IndelibleFlatCapybara-size_restricted.gif,
https://cdn.discordapp.com/attachments/296374768632987648/713455273821470742/xmrzEH5.gif,
https://i.imgur.com/Z546MhC.gif